Meatballs with sauce,Common Cultivated Mushrooms;3,Mahlab;4,White Wine;4
Philadelphia maki,Chickpea;5,Green Pepper;3,Salmon;3
Pappardelle alla Bolognese,Porcini mushrooms;2,Goat Milk;4,Margarine;1
Caprese Salad,Cashews;4,Jicama;5,Annatto seed;3
Lasagne,Rockmelon;1,Buckwheat Flour;4,Papaw;3
California maki,Shiitake Mushrooms;5,Salmon;3,Fish Sauce;2
Pasta Carbonara,Peppercorns;5,Saffron;2,Turnips;4
Barbecue Ribs,Spring Onions;2,Yellow Papaw;2,Salmon;3
Vegetable Soup,Wasabi;5,Parrotfish;1,Omega Spread;5
Bruschette with Tomato,Bamboo Shoots;4,Mint;3,Cauliflower;4
Califlower penne,Yogurt;1,FlourOat;4,Bamboo Shoots;4
Souvlaki,Rye;1,Brie;4,Blackberries;3
Fish and chips,Pecorino;2,Omega Spread;5,Blue Cheese;3
Caesar Salad,Custard Apples;4,Kumera;3,Brown Flour;2
Ricotta stuffed Ravioli,Mustard;3,Watercress;3,Brown Rice;2
Cheeseburger,Yoghurt;3,Jerusalem Artichoke;2,Incaberries;3
Chicken Fajitas,Feijoa;3,Radicchio;4,Miso;2
Pork belly buns,Hummus;1,Trout;2,Smoked Trout;5
Salmon nigiri,Persimmon;5,Bean Sprouts;1,Fish Sauce;4
Tiramisù,Capers;1,Mint;1,Macadamia oil;2
Crème Brûlée,eggs;6,mascarpone;100,sugar;200,vanilla;1
Brownie,dark chocolate;200,butter;250,dark chocolate powder;80,eggs;6,flour;200,sugar;250
Tiramisu,coofe;200,chocolate powder;50,mascarpone;150,eggs;3,flour;75,sugar;190,yeast;6
Mille-feuille,butter;250,flour;150,mascarpone;100,strawberries;8
Orange Cake,sugar;400,flour;380,maizena;150,bakepowder;15,orange juice;200,eggs;4,butter;250
salad0,Fresh Chillies;2,Snowpea sprouts;1,Squash;2,Red Pepper;2
salad1,Nashi Pear;4,Peaches;1,Bush Tomato;2
salad2,Nashi Pear;2,Papaw;4,Mandarins;5
salad3,Peas;1,Asparagus;3,Radicchio;3,Arugula;1
salad4,Beans;3,Jicama;1
salad5,Passionfruit;3,Sprouts;5,Longan;5
salad6,Bean Shoots;2,Raspberry;3,Broccoli;1,Jerusalem Artichoke;3,Pumpkin;2,Green beans;3
salad7,Mandarins;4,Banana;3,Pears;5
salad8,Rhubarb;2,Rhubarb;1
salad9,Limes;3,Currants;2,Avocado;4
